Grouping,Politician,Usernames,Party,State,AccountID,AccountID_1,AccountID_2
1,"Hickenlooper, John W.",SenatorHick,D,CO,1318728336923787264,13187283369237,87264
1,"Gonzales, Tony",RepTonyGonzales,R,TX,1343627416120532992,13436274161205,32992
1,"Gonzales, Tony",TonyGonzales4TX,R,TX,1124044084669288450,11240440846692,88450
1,"Molinaro, Marcus J.",RepMolinaroNY19,R,NY,1603419749748297728,16034197497482,97728
1,"Molinaro, Marcus J.",MarcMolinaroNY,R,NY,1466119349207449600,14661193492074,49600
1,"Houlahan, Chrissy",RepHoulahan,D,PA,1052896620797460481,10528966207974,60481
1,"Houlahan, Chrissy",HoulahanForPa,D,PA,847098017274613761,8470980172746,13761
1,"Ivey, Glenn",RepGlennIvey,D,MD,1610111693836664834,16101116938366,64834
1,"Ivey, Glenn",Glenn_Ivey,D,MD,3081969927,30819,69927
1,"Ivey, Glenn",glenniveymd,D,MD,1442975922802544641,14429759228025,44641
1,"Norman, Ralph",RepRalphNorman,R,SC,880480631108644864,8804806311086,44864
1,"Norman, Ralph",RalphNorman,R,SC,61886317,618,86317
1,"Crockett, Jasmine",RepJasmine,D,TX,1609974443631157248,16099744436311,57248
1,"Crockett, Jasmine",JasmineForUS,D,TX,918913624395079680,9189136243950,79680
1,"Franklin, C. Scott",RepFranklin,R,FL,1343664721384398849,13436647213843,98849
1,"Franklin, C. Scott",ScottFranklinFL,R,FL,1247958910025203712,124795891002520,3712
1,"Collins, Susan M.",SenatorCollins,R,ME,19726613,197,26613
1,"Collins, Susan M.",SenSusanCollins,R,ME,13529632,135,29632
2,"Schrier, Kim",RepKimSchrier,D,WA,1080462532815532032,10804625328155,32032
2,"Schrier, Kim",DrKimSchrier,D,WA,862393019173003264,86239301917300,3264
2,"Balint, Becca",RepBeccaB,D,VT,1606115178210365448,16061151782103,65448
2,"Balint, Becca",BeccaBalintVT,D,VT,1210894642465501184,121089464246550,1184
2,"Mrvan, Frank J.",RepMrvan,D,IN,1346205046036377601,13462050460363,77601
2,"Mrvan, Frank J.",mrvan4congress,D,IN,1195472282329735169,11954722823297,35169
2,"Mrvan, Frank J.",Fjmrvan,D,IN,255831472,2558,31472
2,"Slotkin, Elissa",RepSlotkin,D,MI,1078401427347857408,10784014273478,57408
2,"Slotkin, Elissa",ElissaSlotkin,D,MI,860547911268139008,8605479112681,39008
2,"Deluzio, Christopher R.",RepDeluzio,D,PA,1608934316779921408,16089343167799,21408
2,"Deluzio, Christopher R.",ChrisForPA,D,PA,227073090,2270,73090
2,"Craig, Angie",RepAngieCraig,D,MN,1080222360643485698,10802223606434,85698
2,"Craig, Angie",AngieCraigMN,D,MN,411861905,4118,61905
2,"Murphy, Gregory Francis",RepGregMurphy,R,NC,1173978070535024642,11739780705350,24642
2,"Murphy, Gregory Francis",GregMurphyMD,R,NC,1100072194632237056,11000721946322,37056
2,"Murphy, Gregory Francis",GMMD4Greenville,R,NC,4698391652,46983,91652
2,"Kelly, Mike",MikeKellyPA,R,PA,935368364,9353,68364
2,"Kelly, Mike",MikeKellyforPA,R,PA,113763245,1137,63245
2,"Bilirakis, Gus M.",RepGusBilirakis,R,FL,26051676,260,51676
2,"Bilirakis, Gus M.",Bilirakis,R,FL,95236960,952,36960
3,"Gonzalez, Vicente",RepGonzalez,D,TX,818536152588238849,8185361525882,38849
3,"Gonzalez, Vicente",VoteVicente,D,TX,4632984534,46329,84534
3,"Jayapal, Pramila",RepJayapal,D,WA,815733290955112448,8157332909551,12448
3,"Jayapal, Pramila",PramilaJayapal,D,WA,193441812,1934,41812
3,"Eshoo, Anna G.",RepAnnaEshoo,D,CA,249348006,2493,48006
3,"Eshoo, Anna G.",Eshoo4Congress,D,CA,482713734,4827,13734
3,"Feenstra, Randy",RepFeenstra,R,IA,1345135363761852416,13451353637618,52416
3,"Feenstra, Randy",RandyFeenstra,R,IA,23764160,237,64160
3,"Van Drew, Jefferson",Congressman_JVD,R,NJ,1468677099594698757,14686770995946,98757
3,"Kennedy, John",SenJohnKennedy,R,LA,816683274076614656,8166832740766,14656
3,"Kennedy, John",JohnKennedyLA,R,LA,26594419,265,94419
3,"Blackburn, Marsha",MarshaBlackburn,R,TN,278145569,2781,45569
3,"Miller, Carol",RepCarolMiller,R,WV,1081318716573470720,10813187165734,70720
3,"Miller, Carol",CarolMillerWV,R,WV,841994444,8419,94444
3,"Granger, Kay",RepKayGranger,R,TX,161743731,1617,43731
3,"Granger, Kay",GrangerCampaign,R,TX,1197909460678823936,11979094606788,23936
4,"Carter, John",JudgeCarter,R,TX,18030431,180,30431
4,"Carter, John",JudgeJohnCarter,R,TX,404355121,4043,55121
4,"Garcia, Robert",RepRobertGarcia,D,CA,1602792195878047744,16027921958780,47744
4,"Garcia, Robert",RobertGarcia,D,CA,18120497,181,20497
4,"Crow, Jason",RepJasonCrow,D,CO,1080191866509901826,108019186650990,1826
4,"Crow, Jason",JasonCrowCO,D,CO,851477335052140544,8514773350521,40544
4,"Soto, Darren",RepDarrenSoto,D,FL,818713465653051392,8187134656530,51392
4,"Soto, Darren",DarrenSoto,D,FL,1730030220,17300,30220
4,"Kelly, Robin",RepRobinKelly,D,IL,1339931490,13399,31490
4,"Kelly, Robin",RobinLynneKelly,D,IL,38285038,382,85038
4,"Harris, Andy",RepAndyHarrisMD,R,MD,960962340,9609,62340
4,"Harris, Andy",Harris4Congress,R,MD,122713203,1227,13203
4,"Hageman, Harriet M.",HagemanforWY,R,WY,1435822302323695629,14358223023236,95629
4,"Tillis, Thom",SenThomTillis,R,NC,2964174789,29641,74789
4,"Tillis, Thom",ThomTillis,R,NC,22195441,221,95441
4,"McCaul, Michael T.",RepMcCaul,R,TX,26424123,264,24123
4,"McCaul, Michael T.",McCaulforTexas,R,TX,743601590,74360,1590
5,"Thompson, Mike",RepThompson,D,CA,303861808,3038,61808
5,"Thompson, Mike",Mike_CA05,D,CA,3612420317,36124,20317
5,"Graham, Lindsey",LindseyGrahamSC,R,SC,432895323,4328,95323
5,"Case, Ed",RepEdCase,D,HI,1081350574589833221,10813505745898,33221
5,"Case, Ed",EdCaseHawaii,D,HI,21737536,217,37536
5,"Davis, Danny K.",RepDannyDavis,D,IL,789244177,7892,44177
5,"Davis, Danny K.",DannyKDavis7th,D,IL,1217134603267399680,12171346032673,99680
5,"Morelle, Joe",RepJoeMorelle,D,NY,1064595993222615040,10645959932226,15040
5,"Morelle, Joe",votemorelle,D,NY,977247448820305920,97724744882030,5920
5,"DesJarlais, Scott",DesJarlaisTN04,R,TN,235312723,2353,12723
5,"DesJarlais, Scott",tndesjarlais,R,TN,27775884,277,75884
5,"DelBene, Suzan",RepDelBene,D,WA,995193054,9951,93054
5,"DelBene, Suzan",SuzanDelBene,D,WA,41225640,412,25640
5,"Adams, Alma",RepAdams,D,NC,2916086925,29160,86925
5,"Adams, Alma",AlmaforCongress,D,NC,1609364557,16093,64557
5,"Steil, Bryan",RepBryanSteil,R,WI,1075205691621720064,10752056916217,20064
5,"Steil, Bryan",BryanSteil,R,WI,986423555025002497,98642355502500,2497
6,"García, Jesús ""Chuy""",RepChuyGarcia,D,IL,1082427779583541248,10824277795835,41248
6,"Blumenauer, Earl",repblumenauer,D,OR,15954997,159,54997
6,"Van Hollen, Chris",ChrisVanHollen,D,MD,18137749,181,37749
6,"Van Hollen, Chris",VanHollenForMD,D,MD,3067974778,30679,74778
6,"Salazar, Maria Elvira",RepMariaSalazar,R,FL,1325928411689349120,13259284116893,49120
6,"Salazar, Maria Elvira",MaElviraSalazar,R,FL,40282700,402,82700
6,"Williams, Roger",RepRWilliams,R,TX,1077446982,10774,46982
6,"Williams, Roger",RogerWilliamsTX,R,TX,18197328,181,97328
6,"Scott, Tim",SenatorTimScott,R,SC,217543151,2175,43151
6,"Scott, Tim",votetimscott,R,SC,81191343,811,91343
6,"Warren, Elizabeth",SenWarren,D,MA,970207298,97020,7298
6,"Warren, Elizabeth",ewarren,D,MA,357606935,35760,6935
6,"Plaskett, Stacey",StaceyPlaskett,D,VI,2724095695,27240,95695
6,"Tonko, Paul D.",RepPaulTonko,D,NY,84119348,841,19348
6,"Tonko, Paul D.",PaulTonko,D,NY,153865861,1538,65861
7,"Duncan, Jeff",RepJeffDuncan,R,SC,240393970,2403,93970
7,"Duncan, Jeff",Duncan4Congress,R,SC,21048033,210,48033
7,"Garcia, Mike",RepMikeGarcia,R,CA,1262531473057423361,12625314730574,23361
7,"Garcia, Mike",ElectMikeGarcia,R,CA,1114694580232904704,111469458023290,4704
7,"Blumenthal, Richard",SenBlumenthal,D,CT,278124059,2781,24059
7,"Blumenthal, Richard",DickBlumenthal,D,CT,102477372,1024,77372
7,"Massie, Thomas",RepThomasMassie,R,KY,975200486,975200,486
7,"Massie, Thomas",MassieforKY,R,KY,1216059676372226049,12160596763722,26049
7,"Massie, Thomas",Thomas_Massie,R,KY,55441686,554,41686
7,"Guest, Michael",RepMichaelGuest,R,MS,1081243468327018496,10812434683270,18496
7,"Guest, Michael",GuestCongress,R,MS,953749679166156800,9537496791661,56800
7,"Fitzgerald, Scott",RepFitzgerald,R,WI,1004891731,10048,91731
7,"Fitzgerald, Scott",FitzgeraldForWI,R,WI,1169399788539928576,11693997885399,28576
7,"Harshbarger, Diana",RepHarshbarger,R,TN,1345787285179162624,13457872851791,62624
7,"Harshbarger, Diana",DHarshbargerTN1,R,TN,1237911282440982528,12379112824409,82528
7,"Gottheimer, Josh",RepJoshG,D,NJ,815310506596691968,8153105065966,91968
7,"Gottheimer, Josh",JoshGottheimer,D,NJ,431105217,43110,5217
7,"Moulton, Seth",RepMoulton,D,MA,3091316093,30913,16093
7,"Moulton, Seth",sethmoulton,D,MA,248495200,2484,95200
8,"Moran, Nathaniel",RepNateMoran,R,TX,1603470469608374272,16034704696083,74272
8,"Moran, Nathaniel",moran4congress,R,TX,1464256502001188873,14642565020011,88873
8,"Crenshaw, Dan",RepDanCrenshaw,R,TX,1080894931311431682,10808949313114,31682
8,"Crenshaw, Dan",DanCrenshawTX,R,TX,930552552302792705,9305525523027,92705
8,"Titus, Dina",repdinatitus,D,NV,122174004,1221,74004
8,"Titus, Dina",dinatitus,D,NV,17907578,1790,7578
8,"Garcia, Sylvia",RepSylviaGarcia,D,TX,1080587263132733442,10805872631327,33442
8,"Garcia, Sylvia",LaCongresista,D,TX,40557819,405,57819
8,"Westerman, Bruce",RepWesterman,R,AR,2852998461,28529,98461
8,"Westerman, Bruce",WestermanAR,R,AR,1592481150,15924,81150
8,"Westerman, Bruce",bruce_westerman,R,AR,342677019,3426,77019
8,"Peltola, Mary",MaryPeltola,D,AK,1514353565510164482,15143535655101,64482
8,"Peltola, Mary",Rep_Peltola,D,AK,1570080351674048514,15700803516740,48514
8,"Scanlon, Mary Gay",RepMGS,D,PA,1067541214671577093,10675412146715,77093
8,"Scanlon, Mary Gay",marygayscanlon,D,PA,961312723035394048,9613127230353,94048
8,"Higgins, Clay",RepClayHiggins,R,LA,843636970538618880,8436369705386,18880
8,"Higgins, Clay",CaptClayHiggins,R,LA,1011053278304591872,10110532783045,91872
8,"Jackson, Jonathan L.",rep_jackson,D,IL,1615455071801679874,16154550718016,79874
8,"Jackson, Jonathan L.",CongressJackson,D,IL,1511150244578439168,15111502445784,39168
9,"Cloud, Michael",RepCloudTX,R,TX,1039879658400112640,10398796584001,12640
9,"Cloud, Michael",MichaelJCloud,R,TX,23725826,237,25826
9,"Scott, Robert C.",BobbyScott,D,VA,161791703,1617,91703
9,"Scott, Robert C.",BobbyScott4VA3,D,VA,319829219,3198,29219
9,"Bishop Jr., Sanford D.",SanfordBishop,D,GA,249410485,2494,10485
9,"Bishop Jr., Sanford D.",Bishop4Congress,D,GA,1486542944987496451,14865429449874,96451
9,"Krishnamoorthi, Raja",CongressmanRaja,D,IL,814179031956488192,8141790319564,88192
9,"Krishnamoorthi, Raja",RajaForCongress,D,IL,62649021,626,49021
9,"De La Cruz, Monica",RepMonicaDLC,R,TX,1590396129094647814,15903961290946,47814
9,"De La Cruz, Monica",monica4congress,R,TX,1185738917435314176,11857389174353,14176
9,"Joyce, John",RepJohnJoyce,R,PA,1082311988926124036,10823119889261,24036
9,"Joyce, John",JohnJoyceForPA,R,PA,969328139485802496,96932813948580,2496
9,"Manning, Kathy E.",RepKManning,D,NC,1337115670161608712,133711567016160,8712
9,"Manning, Kathy E.",KathyManningNC,D,NC,936626346553413633,9366263465534,13633
9,"Garamendi, John",RepGaramendi,D,CA,88806753,8880,6753
9,"Garamendi, John",JohnGaramendi,D,CA,18907463,1890,7463
10,"Ryan, Pat",PatRyanUC,D,NY,172377413,1723,77413
10,"Stauber, Pete",RepPeteStauber,R,MN,1075830599007510535,10758305990075,10535
10,"Stauber, Pete",PeteStauber,R,MN,883069589722198018,8830695897221,98018
10,"Hirono, Mazie K.",maziehirono,D,HI,92186819,921,86819
10,"Griffith, Morgan",RepMGriffith,R,VA,234057152,2340,57152
10,"Griffith, Morgan",MorganGriffith,R,VA,130714799,1307,14799
10,"Johnson, Bill",RepBillJohnson,R,OH,211530910,2115,30910
10,"Johnson, Bill",JohnsonLeads,R,OH,81207735,8120,7735
10,"Foster, Bill",RepBillFoster,D,IL,1080509366,108050,9366
10,"Foster, Bill",Foster4Congress,D,IL,188403766,18840,3766
10,"Vance, J.D.",JDVance1,R,OH,1542228578,15422,28578
10,"Vance, J.D.",SenVancePress,R,OH,1410590377682378755,14105903776823,78755
10,"Smith, Adrian",RepAdrianSmith,R,NE,296245061,2962,45061
10,"Horsford, Steven",RepHorsford,D,NV,389840566,3898,40566
10,"Horsford, Steven",StevenHorsford,D,NV,246478393,2464,78393
11,"Moore, Gwen",RepGwenMoore,D,WI,22669526,226,69526
11,"Moore, Gwen",Gwen4Congress,D,WI,784965392,7849,65392
11,"Roy, Chip",RepChipRoy,R,TX,1082790600292925440,10827906002929,25440
11,"Roy, Chip",chiproytx,R,TX,1257667158,12576,67158
11,"Cherfilus-McCormick, Sheila",CongresswomanSC,D,FL,1484252226646421505,14842522266464,21505
11,"Cherfilus-McCormick, Sheila",Sheila4Congress,D,FL,988942485828308992,98894248582830,8992
11,"Gillibrand, Kirsten E.",SenGillibrand,D,NY,72198806,721,98806
11,"Gillibrand, Kirsten E.",gillibrandny,D,NY,899978622416695297,8999786224166,95297
11,"Lucas, Frank",RepFrankLucas,R,OK,242772524,2427,72524
11,"Lucas, Frank",FrankDLucas,R,OK,389017497,3890,17497
11,"Raskin, Jamie",RepRaskin,D,MD,806906355214852096,8069063552148,52096
11,"Raskin, Jamie",jamie_raskin,D,MD,549579841,5495,79841
11,"DeGette, Diana",RepDianaDeGette,D,CO,28599820,285,99820
11,"DeGette, Diana",DeGette5280,D,CO,952540201,9525,40201
11,"Letlow, Julia",RepJuliaLetlow,R,LA,1382395679700439041,13823956797004,39041
11,"Letlow, Julia",jbletlow,R,LA,19039789,190,39789
11,"Bergman, Jack",RepJackBergman,R,MI,815241612154417152,8152416121544,17152
11,"Bergman, Jack",JackBergman_MI1,R,MI,751799352755052544,7517993527550,52544
12,"Foxx, Virginia",virginiafoxx,R,NC,16256269,162,56269
12,"Foxx, Virginia",foxxforcongress,R,NC,61608485,6160,8485
12,"Underwood, Lauren",RepUnderwood,D,IL,1080539438508400642,1080539438508400,642
12,"Underwood, Lauren",LaurenUnderwood,D,IL,872156132688711681,8721561326887,11681
12,"Durbin, Richard J.",SenatorDurbin,D,IL,247334603,2473,34603
12,"Durbin, Richard J.",DickDurbin,D,IL,308794407,3087,94407
12,"Clarke, Yvette D.",RepYvetteClarke,D,NY,240812994,2408,12994
12,"Clarke, Yvette D.",VoteYvette,D,NY,550131748,5501,31748
12,"Bush, Cori",RepCori,D,MO,1002630999052865536,10026309990528,65536
12,"Bush, Cori",CoriBush,D,MO,4696552878,46965,52878
12,"Moskowitz, Jared",RepMoskowitz,D,FL,1610009027743830018,16100090277438,30018
12,"Moskowitz, Jared",JaredEMoskowitz,D,FL,730899167740989441,7308991677409,89441
12,"Vargas, Juan",RepJuanVargas,D,CA,1260172386,12601,72386
12,"Vargas, Juan",JuanVargas4CA,D,CA,1036705065745010688,10367050657450,10688
12,"Pallone Jr., Frank",FrankPallone,D,NJ,31801993,3180,1993
12,"Pallone Jr., Frank",pallonefornj,D,NJ,1265423480,12654,23480
12,"Kildee, Dan",RepDanKildee,D,MI,1045110018,10451,10018
12,"Kildee, Dan",dankildee,D,MI,18674498,186,74498
13,"Gimenez, Carlos A.",RepCarlos,R,FL,1343679195034103808,134367919503410,3808
13,"Gimenez, Carlos A.",CarlosGimenezFL,R,FL,1217185399166074885,12171853991660,74885
13,"Lankford, James",SenatorLankford,R,OK,225921757,2259,21757
13,"Lankford, James",jameslankford,R,OK,27044466,270,44466
13,"Fry, Russell",RepRussellFry,R,SC,1603514304354983941,16035143043549,83941
13,"Fry, Russell",RussellFrySC,R,SC,58784217,587,84217
13,"Kiley, Kevin",RepKiley,R,CA,1610356961475809280,161035696147580,9280
13,"Kiley, Kevin",KevinKileyCA,R,CA,3180247177,31802,47177
13,"Mills, Cory",RepMillsPress,R,FL,1611138873496637440,16111388734966,37440
13,"Mills, Cory",MillsForFlorida,R,FL,1388270127959973902,13882701279599,73902
13,"Mills, Cory",CoryMillsFL,R,FL,1216076954375421952,12160769543754,21952
13,"Beyer, Don",RepDonBeyer,D,VA,2962868158,29628,68158
13,"Beyer, Don",DonBeyerVA,D,VA,2319503065,231950,3065
13,"Rosendale, Matthew M.",RepRosendale,R,MT,1344751420139040783,13447514201390,40783
13,"Rosendale, Matthew M.",MattForMontana,R,MT,1376252790,13762,52790
13,"Kean, Thomas H.",KeanForCongress,R,NJ,1093918214181060609,10939182141810,60609
13,"Kean, Thomas H.",tomkean,R,NJ,78033328,780,33328
13,"McBath, Lucy",RepLucyMcBath,D,GA,1082380458976051202,10823804589760,51202
13,"McBath, Lucy",lucymcbath,D,GA,947956236804337664,9479562368043,37664
14,"Radewagen, Amata",RepAmata,R,AS,3026622545,30266,22545
14,"Wenstrup, Brad",RepBradWenstrup,R,OH,518644221,5186,44221
14,"Wenstrup, Brad",bradwenstrup,R,OH,313719282,3137,19282
14,"Sinema, Kyrsten",SenatorSinema,D,AZ,1080844782,10808,44782
14,"Sinema, Kyrsten",KrystenSinema,D,AZ,913558058604867584,9135580586048,67584
14,"Buck, Ken",RepKenBuck,R,CO,2862577383,28625,77383
14,"Buck, Ken",BuckForColorado,R,CO,34959770,349,59770
14,"Rounds, Mike",SenatorRounds,R,SD,2955485182,29554,85182
14,"Rounds, Mike",RoundsforSenate,R,SD,978029858,9780,29858
14,"Caraveo, Yadira",RepCaraveoMD,D,CO,1610302050474102784,161030205047410,2784
14,"Caraveo, Yadira",YadiraCaraveo,D,CO,4750779374,47507,79374
14,"Rodgers, Cathy McMorris",cathymcmorris,R,WA,17976923,179,76923
14,"Rodgers, Cathy McMorris",TeamCMR,R,WA,130733698,1307,33698
14,"Baldwin, Tammy",SenatorBaldwin,D,WI,1074518754,10745,18754
14,"Posey, Bill",congbillposey,R,FL,25086658,250,86658
14,"Posey, Bill",PoseyCampaign,R,FL,2750346912,27503,46912
15,"Williams, Brandon",RepWilliams,R,NY,1602757312539680770,16027573125396,80770
15,"Williams, Brandon",Brandon4ny22,R,NY,1496341259539161088,14963412595391,61088
15,"Luttrell, Morgan",RepLuttrell,R,TX,1603028043454447621,16030280434544,47621
15,"Luttrell, Morgan",MLuttrellTX,R,TX,1399793223388864514,13997932233888,64514
15,"Neguse, Joe",RepJoeNeguse,D,CO,1078749802765139968,10787498027651,39968
15,"Neguse, Joe",JoeNeguse,D,CO,1542372750,15423,72750
15,"Malliotakis, Nicole",RepMalliotakis,R,NY,1344750588026900481,1344750588026900,481
15,"Malliotakis, Nicole",NMalliotakis,R,NY,757862089,7578,62089
15,"Graves, Sam",RepSamGraves,R,MO,29766367,297,66367
15,"Murkowski, Lisa",lisamurkowski,R,AK,18061669,180,61669
15,"Murkowski, Lisa",LisaForSenate,R,AK,151247615,1512,47615
15,"Williams, Nikema",RepNikema,D,GA,1345461797361504259,134546179736150,4259
15,"Williams, Nikema",NikemaWilliams,D,GA,36424664,364,24664
15,"Spanberger, Abigail",RepSpanberger,D,VA,1078771401497161728,10787714014971,61728
15,"Spanberger, Abigail",SpanbergerVA07,D,VA,882958562296819714,8829585622968,19714
15,"Salinas, Andrea",RepSalinas,D,OR,1611800554614755328,16118005546147,55328
15,"Salinas, Andrea",AndreaRSalinas,D,OR,4669604480,466960,4480
16,"Cardenas, Tony",RepCardenas,D,CA,1222257180,12222,57180
16,"Cardenas, Tony",Tcardenas,D,CA,2543742324,25437,42324
16,"Norton, Eleanor Holmes",EleanorNorton,D,DC,23600262,23600,262
16,"Norton, Eleanor Holmes",eleanor4dc,D,DC,338625847,3386,25847
16,"Dunn, Neal",DrNealDunnFL2,R,FL,815952318487298048,8159523184872,98048
16,"Dunn, Neal",DunnCampaign,R,FL,3433189197,34331,89197
16,"Cortez Masto, Catherine",SenCortezMasto,D,NV,811313565760163844,8113135657601,63844
16,"Cortez Masto, Catherine",CortezMasto,D,NV,3145735852,31457,35852
16,"Buchanan, Vern",VernBuchanan,R,FL,20467163,204,67163
16,"Buchanan, Vern",Vern2014,R,FL,41403889,4140,3889
16,"Heinrich, Martin",MartinHeinrich,D,NM,1099199839,10991,99839
16,"Heinrich, Martin",TeamHeinrich,D,NM,183062944,1830,62944
16,"Ramirez, Delia C.",repdeliaramirez,D,IL,1074354529787895808,10743545297878,95808
16,"Ramirez, Delia C.",DeliaCRamirez,D,IL,892946194812555264,8929461948125,55264
16,"Ramirez, Delia C.",DeliaRamirezIL,D,IL,1456017303435362309,14560173034353,62309
16,"Boyle, Brendan",CongBoyle,D,PA,4304448314,43044,48314
16,"Boyle, Brendan",RepBrendanBoyle,D,PA,231108733,23110,8733
16,"Meuser, Daniel",RepMeuser,R,PA,1080574793630527505,10805747936305,27505
16,"Meuser, Daniel",Meuser4Congress,R,PA,903354645623566340,9033546456235,66340
17,"Tokuda, Jill N.",RepJillTokuda,D,HI,1610730477563805699,161073047756380,5699
17,"Tokuda, Jill N.",tokudaforhawaii,D,HI,1445657911368192007,14456579113681,92007
17,"Tokuda, Jill N.",jilltokuda,D,HI,62898153,628,98153
17,"Owens, Burgess",RepBurgessOwens,R,UT,1344481217685692416,13444812176856,92416
17,"Owens, Burgess",BurgessOwens,R,UT,779104195,77910,4195
17,"Chavez-DeRemer, Lori",RepLCD,R,OR,1583530102297600000,1583530102297,600000
17,"Chavez-DeRemer, Lori",LChavezDeRemer,R,OR,4833263702,48332,63702
17,"Schneider, Bradley",RepSchneider,D,IL,1071840474,10718,40474
17,"Schneider, Bradley",Schneider4IL10,D,IL,278005891,27800,5891
17,"Smith, Tina",SenTinaSmith,D,MN,941000686275387392,9410006862753,87392
17,"Smith, Tina",TinaSmithMN,D,MN,47724293,477,24293
17,"McClellan, Jennifer",RepMcClellan,D,VA,1633610542584659970,16336105425846,59970
17,"McClellan, Jennifer",JennMcClellanVA,D,VA,370859141,3708,59141
17,"Moran, Jerry",JerryMoran,R,KS,18632666,186,32666
17,"Moran, Jerry",moranforkansas,R,KS,18632809,186,32809
17,"Carson, André",RepAndreCarson,D,IN,199325935,1993,25935
17,"Carson, André",Andre4Congress,D,IN,267316393,2673,16393
17,"Pence, Greg",RepGregPence,R,IN,1082369392229400576,1082369392229400,576
17,"Pence, Greg",GregPenceIN,R,IN,890038958104735744,8900389581047,35744
18,"Barr, Andy",RepAndyBarr,R,KY,1089334250,10893,34250
18,"Barr, Andy",barrforcongress,R,KY,115186195,1151,86195
18,"LaMalfa, Doug",RepLaMalfa,R,CA,1069124515,10691,24515
18,"LaMalfa, Doug",DougLaMalfa,R,CA,19808819,1980,8819
18,"Waltz, Michael",michaelgwaltz,R,FL,833673914,8336,73914
18,"Waltz, Michael",RepWaltzPress,R,FL,1082416697380913152,10824166973809,13152
18,"Bost, Mike",RepBost,R,IL,2964877294,29648,77294
18,"Bost, Mike",BostForCongress,R,IL,2282437802,22824,37802
18,"Phillips, Dean",RepDeanPhillips,D,MN,1061310112013434882,10613101120134,34882
18,"Phillips, Dean",deanbphillips,D,MN,39894447,398,94447
18,"Auchincloss, Jake",RepAuchincloss,D,MA,1330278736554582016,13302787365545,82016
18,"Auchincloss, Jake",JakeAuch,D,MA,4870048156,48700,48156
18,"Scott, Rick",SenRickScott,R,FL,131546062,1315,46062
18,"Scott, Rick",ScottforFlorida,R,FL,306389855,3063,89855
18,"Fetterman, John",JohnFetterman,D,PA,3622368202,36223,68202
18,"Fetterman, John",FettermanLt,D,PA,1169638221480939521,11696382214809,39521
18,"Schakowsky, Jan",janschakowsky,D,IL,24195214,241,95214
18,"Schakowsky, Jan",RepSchakowsky,D,IL,85896319,858,96319
19,"Baird, Jim",RepJimBaird,R,IN,1086316494450032640,10863164944500,32640
19,"Jackson, Jeff",RepJeffJackson,D,NC,1611423475775770628,16114234757757,70628
19,"Jackson, Jeff",JeffJacksonNC,D,NC,124820305,1248,20305
19,"Waters, Maxine",RepMaxineWaters,D,CA,36686040,366,86040
19,"Waters, Maxine",MaxineWaters,D,CA,3166120541,31661,20541
19,"Courtney, Joe",RepJoeCourtney,D,CT,85396297,853,96297
19,"Courtney, Joe",JoeCourtneyCT,D,CT,183351637,1833,51637
19,"Gooden, Lance",Lancegooden,R,TX,1029094268542099457,10290942685420,99457
19,"Reed, Jack",SenJackReed,D,RI,486694111,4866,94111
19,"Reed, Jack",jackreed2020,D,RI,1264928341737553921,12649283417375,53921
19,"Budzinski, Nikki",RepNikkiB,D,IL,1603476713995911168,16034767139959,11168
19,"Budzinski, Nikki",NikkiBudzinski,D,IL,321748989,3217,48989
19,"Miller, Mary E.",RepMaryMiller,R,IL,1343656635907125250,13436566359071,25250
19,"Miller, Mary E.",Miller_Congress,R,IL,1180124969621168128,11801249696211,68128
19,"Braun, Mike",SenatorBraun,R,IN,1080870981877534720,10808709818775,34720
20,"Nickel, Wiley",RepWileyNickel,D,NC,1591085093220671491,15910850932206,71491
20,"Nickel, Wiley",wileynickel,D,NC,33795371,337,95371
20,"Nickel, Wiley",law_wiley,D,NC,1039939534417485826,10399395344174,85826
20,"Cole, Tom",TomColeOK04,R,OK,23124635,231,24635
20,"Mace, Nancy",RepNancyMace,R,SC,1343597700542038017,13435977005420,38017
20,"Mace, Nancy",NancyMace,R,SC,914815520842616834,9148155208426,16834
20,"Trone, David",RepDavidTrone,D,MD,1080573351914061825,10805733519140,61825
20,"Trone, David",davidjtrone,D,MD,4851790919,48517,90919
20,"Burchett, Tim",RepTimBurchett,R,TN,1028854804087492613,10288548040874,92613
20,"Burchett, Tim",timburchett,R,TN,353890966,3538,90966
20,"Dingell, Debbie",RepDebDingell,D,MI,2970279814,29702,79814
20,"Dingell, Debbie",DebDingell,D,MI,2361650234,23616,50234
20,"Wexton, Jennifer",RepWexton,D,VA,1017819745880543238,10178197458805,43238
20,"Wexton, Jennifer",JenniferWexton,D,VA,2212905492,221290,5492
20,"Larson, John B.",RepJohnLarson,D,CT,50452197,504,52197
20,"Larson, John B.",JohnLarsonCT,D,CT,155585373,1555,85373
20,"Shaheen, Jeanne",SenatorShaheen,D,NH,109287731,1092,87731
20,"Shaheen, Jeanne",JeanneShaheen,D,NH,14125897,141,25897
21,"Neal, Richard E.",RepRichardNeal,D,MA,442824717,4428,24717
21,"Neal, Richard E.",NealForCongress,D,MA,555977812,5559,77812
21,"James, John",RepJames,R,MI,1609056891547668480,16090568915476,68480
21,"James, John",JohnJamesMI,R,MI,861246117689925633,8612461176899,25633
21,"Sessions, Pete",PeteSessions,R,TX,24735461,247,35461
21,"Sessions, Pete",SessionsTX17,R,TX,2756069574,27560,69574
21,"Doggett, Lloyd",RepLloydDoggett,D,TX,153944899,1539,44899
21,"Doggett, Lloyd",LloydDoggettTX,D,TX,170111219,1701,11219
21,"Hudson, Richard",RepRichHudson,R,NC,935033864,9350,33864
21,"McClain, Lisa C.",RepLisaMcClain,R,MI,1344032292432437248,13440322924324,37248
21,"McClain, Lisa C.",LisaForCongress,R,MI,1187551973173796866,11875519731737,96866
21,"Lee, Barbara",RepBarbaraLee,D,CA,248735463,2487,35463
21,"Lee, Barbara",BarbaraLeeForCA,D,CA,414436134,4144,36134
21,"Steube, W. Gregory",RepGregSteube,R,FL,1083125649609506816,108312564960950,6816
21,"Steube, W. Gregory",gregsteube,R,FL,21924842,219,24842
21,"Scott, Austin",AustinScottGA08,R,GA,234797704,2347,97704
21,"Scott, Austin",AustinScott4GA,R,GA,31191969,311,91969
22,"D’Esposito, Anthony",RepDesposito,R,NY,1608215359462559746,16082153594625,59746
22,"D’Esposito, Anthony",ANTHONYDESPO,R,NY,2689507912,268950,7912
22,"Jackson Lee, Sheila",JacksonLeeTX18,D,TX,80612021,806,12021
22,"Scott, David",repdavidscott,D,GA,168673083,1686,73083
22,"Scott, David",Electdavidscott,D,GA,170341758,1703,41758
22,"Greene, Marjorie Taylor",RepMTG,R,GA,1344356576786866176,13443565767868,66176
22,"Tester, Jon",SenatorTester,D,MT,515822213,5158,22213
22,"Pappas, Chris",RepChrisPappas,D,NH,1067748650485497862,10677486504854,97862
22,"Pappas, Chris",ChrisPappasNH,D,NH,574799823,5747,99823
22,"Johnson, Mike",RepMikeJohnson,R,LA,827279765287559171,8272797652875,59171
22,"González-Cólón, Jenniffer",RepJenniffer,R,PR,819744763020775425,8197447630207,75425
22,"Markey, Edward J.",SenMarkey,D,MA,21406834,2140,6834
22,"Markey, Edward J.",EdMarkey,D,MA,1129029661,11290,29661
23,"Babin, Brian",RepBrianBabin,R,TX,2929491549,29294,91549
23,"Babin, Brian",Babin4Congress,R,TX,2249022318,22490,22318
23,"Jeffries, Hakeem",RepJeffries,D,NY,467823431,4678,23431
23,"Jeffries, Hakeem",hakeemjeffries,D,NY,479017220,4790,17220
23,"Biggs, Andy",RepAndyBiggsAZ,R,AZ,816652616625168388,8166526166251,68388
23,"Biggs, Andy",andybiggs4az,R,AZ,702601370344402944,70260137034440,2944
23,"Costa, Jim",RepJimCosta,D,CA,245451804,2454,51804
23,"Alford, Mark",RepMarkAlford,R,MO,1612483604071727104,16124836040717,27104
23,"Alford, Mark",markalfordkc,R,MO,704689629,7046,89629
23,"Frost, Maxwell",RepMaxwellFrost,D,FL,1608494113174822925,16084941131748,22925
23,"Frost, Maxwell",MaxwellFrostFL,D,FL,67309671,6730,9671
23,"Warnock, Raphael G.",SenatorWarnock,D,GA,1352287997853622273,13522879978536,22273
23,"Warnock, Raphael G.",ReverendWarnock,D,GA,1221242033530195970,12212420335301,95970
23,"Warnock, Raphael G.",RaphaelWarnock,D,GA,234412394,2344,12394
23,"Zinke, Ryan K.",RepRyanZinke,R,MT,2953494478,29534,94478
23,"Zinke, Ryan K.",RyanZinke,R,MT,1906282568,19062,82568
23,"Balderson, Troy",RepBalderson,R,OH,1037341536592310272,10373415365923,10272
23,"Balderson, Troy",Troy_Balderson,R,OH,603083228,6030,83228
24,"Lee, Mike",SenMikeLee,R,UT,88784440,887,84440
24,"Lee, Mike",MikeLeeforUtah,R,UT,2164909022,216490,9022
24,"Walberg, Tim",RepWalberg,R,MI,237862972,2378,62972
24,"Walberg, Tim",TimWalberg,R,MI,146099856,1460,99856
24,"Davidson, Warren",WarrenDavidson,R,OH,742735530287304704,74273553028730,4704
24,"Davidson, Warren",Vote_Davidson,R,OH,4624539143,46245,39143
24,"Moore, Blake D.",RepBlakeMoore,R,UT,1337452596093587462,13374525960935,87462
24,"Moore, Blake D.",ElectBlakeMoore,R,UT,551935844,5519,35844
24,"Himes, Jim",jahimes,D,CT,31611298,316,11298
24,"Manchin, Joe, III",Sen_JoeManchin,D,WV,234374703,2343,74703
24,"Panetta, Jimmy",RepJimmyPanetta,D,CA,796736612554117120,7967366125541,17120
24,"Panetta, Jimmy",JimmyPanetta,D,CA,4228409359,422840,9359
24,"Perry, Scott",RepScottPerry,R,PA,18773159,187,73159
24,"Perry, Scott",PatriotsPerry,R,PA,1141369750821490688,11413697508214,90688
24,"Smith, Adam",RepAdamSmith,D,WA,58928690,589,28690
24,"Smith, Adam",electadamsmith,D,WA,50789200,507,89200
25,"Cardin, Benjamin L.",SenatorCardin,D,MD,109071031,1090,71031
25,"Hagerty, Bill",SenatorHagerty,R,TN,1346873610875654147,13468736108756,54147
25,"Hagerty, Bill",BillHagertyTN,R,TN,1152598802873880576,11525988028738,80576
25,"Bucshon, Larry",RepLarryBucshon,R,IN,234812598,2348,12598
25,"Bucshon, Larry",DrLarryBucshon,R,IN,80956768,809,56768
25,"Blunt Rochester, Lisa",RepLBR,D,DE,817050219007328258,8170502190073,28258
25,"Blunt Rochester, Lisa",LisaBRochester,D,DE,4049197462,40491,97462
25,"Lee, Susie",RepSusieLee,D,NV,1079061579973439488,10790615799734,39488
25,"Lee, Susie",SusieLeeNV,D,NV,602919981,6029,19981
25,"Moolenaar, John",RepMoolenaar,R,MI,2696643955,26966,43955
25,"Moolenaar, John",JohnMoolenaar,R,MI,41198239,411,98239
25,"Sarbanes, John P.",RepSarbanes,D,MD,364415553,3644,15553
25,"Sarbanes, John P.",JohnSarbanes,D,MD,259364314,2593,64314
25,"Amodei, Mark",MarkAmodeiNV2,R,NV,402719755,4027,19755
25,"Amodei, Mark",AmodeiForNevada,R,NV,85689484,856,89484
25,"Grassley, Chuck",ChuckGrassley,R,IA,10615232,106,15232
25,"Grassley, Chuck",GrassleyWorks,R,IA,118740781,1187,40781
26,"Hayes, Jahana",RepJahanaHayes,D,CT,1082086081238102018,108208608123810,2018
26,"Hayes, Jahana",JahanaHayesCT,D,CT,991721030631780354,9917210306317,80354
26,"Hayes, Jahana",JahanaHayes,D,CT,4788702195,478870,2195
26,"Schweikert, David",RepDavid,R,AZ,229197216,2291,97216
26,"Schweikert, David",DavidSchweikert,R,AZ,21509894,2150,9894
26,"Evans, Dwight",RepDwightEvans,D,PA,90639372,906,39372
26,"Evans, Dwight",DwightEvansPA,D,PA,4069841354,40698,41354
26,"Luján, Ben Ray",SenatorLujan,D,NM,19318314,193,18314
26,"Luján, Ben Ray",benraylujan,D,NM,91125308,911,25308
26,"Landsman, Greg",GregLandsman,D,OH,106162639,1061,62639
26,"Landsman, Greg",CMLandsman,D,OH,825062498458034176,8250624984580,34176
26,"DeSaulnier, Mark",RepDeSaulnier,D,CA,2968007206,296800,7206
26,"DeSaulnier, Mark",MarkDeSaulnier,D,CA,30252303,302,52303
26,"Van Orden, Derrick",RepVanOrden,R,WI,1598778014401269760,15987780144012,69760
26,"Van Orden, Derrick",derrickvanorden,R,WI,2580992246,25809,92246
26,"Jacobs, Sara",RepSaraJacobs,D,CA,1345103905869455361,13451039058694,55361
26,"Jacobs, Sara",SaraJacobsCA,D,CA,1656913327,16569,13327
26,"Risch, James E.",SenatorRisch,R,ID,1096059529,10960,59529
26,"Risch, James E.",Risch4Idaho,R,ID,1148757025012277249,11487570250122,77249
27,"Davis, Donald G",RepDonDavis,D,NC,1610323296360210433,16103232963602,10433
27,"Davis, Donald G",DonDavisNC,D,NC,226330560,2263,30560
27,"Torres, Ritchie",RepRitchie,D,NY,1276403757224546304,12764037572245,46304
27,"Torres, Ritchie",RitchieTorres,D,NY,1247612029,12476,12029
27,"Allen, Rick",RepRickAllen,R,GA,2964287128,29642,87128
27,"Allen, Rick",rickallen,R,GA,385111151,3851,11151
27,"Bennet, Michael F.",SenatorBennet,D,CO,224285242,2242,85242
27,"Bennet, Michael F.",MichaelBennet,D,CO,45645232,456,45232
27,"Bishop, Dan",RepDanBishop,R,NC,1176522535531360257,11765225355313,60257
27,"Bishop, Dan",jdanbishop,R,NC,1912799826,19127,99826
27,"Cleaver, Emanuel",repcleaver,D,MO,163570705,1635,70705
27,"Cleaver, Emanuel",Vote4Cleaver,D,MO,801478506,8014,78506
27,"Gallego, Ruben",RepRubenGallego,D,AZ,2966570782,29665,70782
27,"Gallego, Ruben",RubenGallego,D,AZ,49217025,492,17025
27,"Kustoff, David",RepDavidKustoff,R,TN,816012124505931780,8160121245059,31780
27,"Kustoff, David",DavidKustoff,R,TN,317386234,3173,86234
27,"Self, Keith",RepKeithSelf,R,TX,1612430165585416192,16124301655854,16192
27,"Self, Keith",SelfForCongress,R,TX,1440271846042001412,144027184604200,1412
28,"Wyden, Ron",RonWyden,D,OR,250188760,2501,88760
28,"Wyden, Ron",WydenForOregon,D,OR,122124607,1221,24607
28,"Crawford, Rick",RepRickCrawford,R,AR,233693291,2336,93291
28,"Crawford, Rick",Crawford4Cong,R,AR,50918998,509,18998
28,"Velázquez, Nydia M.",NydiaVelazquez,D,NY,164369297,1643,69297
28,"Velázquez, Nydia M.",ReElectNydia,D,NY,721127537674489856,7211275376744,89856
28,"Ernst, Joni",SenJoniErnst,R,IA,2856787757,28567,87757
28,"Ernst, Joni",joniernst,R,IA,1383059977,13830,59977
28,"Golden, Jared",RepGolden,D,ME,1080891667308298240,10808916673082,98240
28,"Golden, Jared",golden4congress,D,ME,900516768032202752,90051676803220,2752
28,"Whitehouse, Sheldon",SenWhitehouse,D,RI,242555999,2425,55999
28,"Brecheen, Josh",RepBrecheen,R,OK,1603032402942730248,16030324029427,30248
28,"Brecheen, Josh",Brecheen4OK,R,OK,1517213689119662085,15172136891196,62085
28,"Lee, Summer L.",RepSummerLee,D,PA,999285287812558848,9992852878125,58848
28,"Lee, Summer L.",SummerForPA,D,PA,917389190328877056,9173891903288,77056
28,"Pascrell Jr., Bill",BillPascrell,D,NJ,74508260,7450,8260
28,"Pascrell Jr., Bill",PascrellforNJ,D,NJ,515736574,5157,36574
29,"Escobar, Veronica",RepEscobar,D,TX,1075517806551154689,10755178065511,54689
29,"Escobar, Veronica",vgescobar,D,TX,38960144,389,60144
29,"Mullin, Kevin",RepKevinMullin,D,CA,1610411994888409088,161041199488840,9088
29,"Mullin, Kevin",kevinmullin,D,CA,18973663,189,73663
29,"Ruppersberger, C. A. Dutch",Call_Me_Dutch,D,MD,305620929,3056,20929
29,"Ruppersberger, C. A. Dutch",GoDutchForMD,D,MD,757666785244119040,7576667852441,19040
29,"Torres, Norma",NormaJTorres,D,CA,236279233,2362,79233
29,"Torres, Norma",Norma4Congress,D,CA,2409478435,24094,78435
29,"Comer, James",RepJamesComer,R,KY,1274852794206388225,12748527942063,88225
29,"Comer, James",JamesComer,R,KY,838462994,8384,62994
29,"McCarthy, Kevin",SpeakerMcCarthy,R,CA,19739126,197,39126
29,"McCarthy, Kevin",kevinomccarthy,R,CA,15428227,154,28227
29,"Kiggans, Jennifer A.",RepJenKiggans,R,VA,1605275643523891201,16052756435238,91201
29,"Kiggans, Jennifer A.",JenKiggans,R,VA,1112745685810589698,11127456858105,89698
29,"Jackson, Ronny",RepRonnyJackson,R,TX,1341903465610686464,13419034656106,86464
29,"Jackson, Ronny",RonnyJacksonTX,R,TX,1201953403099893760,12019534030998,93760
29,"Tenney, Claudia",claudiatenney,R,NY,756285384,7562,85384
29,"Tenney, Claudia",RepTenney,R,NY,797201048490430465,7972010484904,30465
30,"Rogers, Mike",RepMikeRogersAL,R,AL,33977070,339,77070
30,"Rogers, Mike",MikeRogersCamp,R,AL,76069325,760,69325
30,"Spartz, Victoria",RepSpartz,R,IN,1344845201479663621,13448452014796,63621
30,"Spartz, Victoria",Victoria_Spartz,R,IN,1205364420,12053,64420
30,"Kelly, Trent",RepTrentKelly,R,MS,3317799825,33177,99825
30,"Kelly, Trent",KellyforMS01,R,MS,3090076743,30900,76743
30,"Marshall, Roger",SenatorMarshall,R,KS,1336344005588738052,13363440055887,38052
30,"Marshall, Roger",RogerMarshallMD,R,KS,1240107944,124010,7944
30,"Miller, Max L.",RepMaxMiller,R,OH,1610383926446489600,16103839264464,89600
30,"Miller, Max L.",MaxMillerOH,R,OH,1148299267481563138,11482992674815,63138
30,"Vasquez, Gabe",RepGabeVasquez,D,NM,1610096539577487360,16100965395774,87360
30,"Vasquez, Gabe",Gabe_NM,D,NM,2151608598,215160,8598
30,"Curtis, John R.",RepJohnCurtis,R,UT,931614483050414080,9316144830504,14080
30,"Curtis, John R.",CurtisUT,R,UT,26057209,260,57209
30,"Harris, Kamala",VP,D,CA,803694179079458816,8036941790794,58816
30,"Harris, Kamala",KamalaHarris,D,CA,30354991,303,54991
30,"Dean, Madeleine",RepDean,D,PA,567508925,56750,8925
30,"Dean, Madeleine",MadeleineDean,D,PA,935717078966964228,9357170789669,64228
31,"Duckworth, Tammy",SenDuckworth,D,IL,1058520120,10585,20120
31,"Duckworth, Tammy",TammyDuckworth,D,IL,328679423,3286,79423
31,"Mfume, Kweisi",RepKweisiMfume,D,MD,1276209702322438148,12762097023224,38148
31,"Mfume, Kweisi",Mfume4Congress,D,MD,1191327658124165123,11913276581241,65123
31,"Napolitano, Grace",gracenapolitano,D,CA,161411080,1614,11080
31,"Napolitano, Grace",grace4congress,D,CA,4895651115,48956,51115
31,"Casey, Robert P. Jr.",SenBobCasey,D,PA,171598736,1715,98736
31,"Barrasso, John",SenJohnBarrasso,R,WY,202206694,20220,6694
31,"Huizenga, Bill",RepHuizenga,R,MI,233949261,2339,49261
31,"Huizenga, Bill",billhuizenga,R,MI,23820360,238,20360
31,"Nehls, Troy E.",RepTroyNehls,R,TX,1347318288850825217,13473182888508,25217
31,"Nehls, Troy E.",SheriffTNehls,R,TX,3299995136,32999,95136
31,"Correa, J. Luis",RepLouCorrea,D,CA,815985039485837312,8159850394858,37312
31,"Correa, J. Luis",voteloucorrea,D,CA,746481056145018880,7464810561450,18880
31,"McClintock, Tom",RepMcClintock,R,CA,50152441,501,52441
31,"McClintock, Tom",tommcclintock,R,CA,15773898,157,73898
32,"Wasserman Schultz, Debbie",RepDWStweets,R,FL,1140648348,11406,48348
32,"Wasserman Schultz, Debbie",DWStweets,R,FL,115979444,1159,79444
32,"Schatz, Brian",SenBrianSchatz,D,HI,1262099252,12620,99252
32,"Schatz, Brian",SchatzforHawaii,D,HI,1284467173,12844,67173
32,"Kuster, Ann",RepAnnieKuster,D,NH,1058717720,10587,17720
32,"Kuster, Ann",AnnMcLaneKuster,D,NH,89992368,899,92368
32,"Davids, Sharice",RepDavids,D,KS,1080516116395499522,10805161163954,99522
32,"Davids, Sharice",sharicedavids,D,KS,950952511556538368,9509525115565,38368
32,"McCormick, Richard",RepMcCormick,R,GA,1610689483929780225,16106894839297,80225
32,"McCormick, Richard",RichforGA,R,GA,1136709465082945538,11367094650829,45538
32,"McCormick, Richard",RichMcCormick_,R,GA,1129885718728380419,11298857187283,80419
32,"Quigley, Mike",RepMikeQuigley,D,IL,56864092,568,64092
32,"Quigley, Mike",QuigleyCampaign,D,IL,15949499,159,49499
32,"Stewart, Chris",RepChrisStewart,R,UT,1072008757,107200,8757
32,"Stewart, Chris",StewartforUtah,R,UT,395419988,3954,19988
32,"Perez, Marie Gluesenkamp",RepMGP,D,WA,1603127874512453632,16031278745124,53632
32,"Perez, Marie Gluesenkamp",MGPforCongress,D,WA,1493294940708696069,14932949407086,96069
32,"Ellzey, Jake",RepEllzey,R,TX,1366523868253458437,13665238682534,58437
32,"Ellzey, Jake",JakeEllzey,R,TX,2178511998,21785,11998
33,"Aguilar, Pete",RepPeteAguilar,D,CA,3018670151,30186,70151
33,"Aguilar, Pete",PeteAguilar,D,CA,768489333393272832,7684893333932,72832
33,"Aguilar, Pete",aguilarpete,D,CA,41533245,415,33245
33,"Bowman, Jamaal",RepBowman,D,NY,1344389506963808264,134438950696380,8264
33,"Bowman, Jamaal",JamaalBowmanNY,D,NY,1138076821533155328,11380768215331,55328
33,"Tiffany, Thomas P.",RepTiffany,R,WI,1267841066335682562,12678410663356,82562
33,"Tiffany, Thomas P.",TomTiffanyWI,R,WI,3389296557,33892,96557
33,"Mann, Tracey",RepMann,R,KS,1345825008887721986,13458250088877,21986
33,"Mann, Tracey",TraceyMannKS,R,KS,963463966944059394,9634639669440,59394
33,"Capito, Shelley Moore",SenCapito,R,WV,193794406,1937,94406
33,"Capito, Shelley Moore",CapitoforWV,R,WV,158890005,1588,90005
33,"Smith, Jason",RepJasonSmith,R,MO,1623308912,162330,8912
33,"Smith, Jason",JasonSmithMO,R,MO,26653478,266,53478
33,"Castro, Joaquin",JoaquinCastrotx,D,TX,231510077,2315,10077
33,"Castro, Joaquin",Castro4Congress,D,TX,323440720,3234,40720
33,"Bonamici, Suzanne",RepBonamici,D,OR,558769636,5587,69636
33,"Gallagher, Mike",RepGallagher,R,WI,815966620300480514,8159666203004,80514
33,"Gallagher, Mike",MikeforWI,R,WI,1558285818,15582,85818
34,"Sewell, Terri A.",RepTerriSewell,D,AL,381152398,3811,52398
34,"Sewell, Terri A.",Sewell4Congress,D,AL,69326168,693,26168
34,"Donalds, Byron",RepDonaldsPress,R,FL,1343968646050283522,13439686460502,83522
34,"Donalds, Byron",ByronDonalds,R,FL,96015533,960,15533
34,"Watson Coleman, Bonnie",RepBonnie,D,NJ,2968451607,29684,51607
34,"Watson Coleman, Bonnie",Bonnie4Congress,D,NJ,1473761198,14737,61198
34,"Murphy, Christopher",ChrisMurphyCT,D,CT,150078976,1500,78976
34,"McConnell, Mitch",LeaderMcConnell,R,KY,1249982359,12499,82359
34,"McConnell, Mitch",McConnellPress,R,KY,339822881,3398,22881
34,"McConnell, Mitch",Team_Mitch,R,KY,365530059,3655,30059
34,"Brown, Sherrod",SenSherrodBrown,D,OH,43910797,439,10797
34,"Mast, Brian",RepBrianMast,R,FL,814103950404239360,8141039504042,39360
34,"Mast, Brian",BrianMastFL,R,FL,3170031728,31700,31728
34,"Kaine, Tim",timkaine,D,VA,172858784,1728,58784
34,"Webster, Daniel",RepWebster,R,FL,281540744,2815,40744
34,"Webster, Daniel",WebsterCongress,R,FL,136526394,1365,26394
35,"Lamborn, Doug",RepDLamborn,R,CO,584012853,5840,12853
35,"Lamborn, Doug",DougLambornCD5,R,CO,583881540,5838,81540
35,"Bacon, Don",RepDonBacon,R,NE,818975124460335106,8189751244603,35106
35,"Bacon, Don",DonJBacon,R,NE,3109108467,310910,8467
35,"Foushee, Valerie P.",FousheeforNC,D,NC,822521744661458944,8225217446614,58944
35,"Foushee, Valerie P.",ValFoushee,D,NC,983298182,9832,98182
35,"Clyburn, James E.",RepJamesClyburn,D,SC,188019606,1880,19606
35,"Clyburn, James E.",ClyburnSC06,D,SC,2389877058,23898,77058
35,"Yakym, Rudy",RudyYakym,R,IN,1559946724986306561,155994672498630,6561
35,"Fischer, Deb",SenatorFischer,R,NE,1071402577,107140,2577
35,"Fischer, Deb",DebFischerNE,R,NE,1506297436003831820,15062974360038,31820
35,"Cicilline, David",RepCicilline,D,RI,462143773,4621,43773
35,"Cicilline, David",davidcicilline,D,RI,23593446,235,93446
35,"Boebert, Lauren",RepBoebert,R,CO,1342989756611907584,134298975661190,7584
35,"Boebert, Lauren",laurenboebert,R,CO,1201670995435646976,12016709954356,46976
35,"Khanna, Ro",RepRoKhanna,D,CA,816298918468259841,8162989184682,59841
35,"Khanna, Ro",RoKhanna,D,CA,771152516,7711,52516
36,"Sanchez, Linda T.",RepLindaSanchez,D,CA,312134473,3121,34473
36,"Sanchez, Linda T.",LindaTSanchez,D,CA,917408119222923264,9174081192229,23264
36,"Espaillat, Adriano",RepEspaillat,D,NY,817076257770835968,8170762577708,35968
36,"Espaillat, Adriano",EspaillatNY,D,NY,182217410,1822,17410
36,"Peters, Scott",RepScottPeters,D,CA,1135486501,11354,86501
36,"Peters, Scott",ScottPetersCA50,D,CA,553863817,5538,63817
36,"Valadao, David G.",RepDavidValadao,R,CA,1128514404,11285,14404
36,"Valadao, David G.",dgvaladao,R,CA,36676406,366,76406
36,"Kim, Andy",RepAndyKimNJ,D,NJ,1078771848882593793,10787718488825,93793
36,"Kim, Andy",AndyKimNJ,D,NJ,24215154,242,15154
36,"Cantwell, Maria",SenatorCantwell,D,WA,117501995,11750,1995
36,"Johnson, Eddie Bernice",RepEBJ,D,TX,168502762,16850,2762
36,"Sanders, Bernard",SenSanders,I,VT,29442313,294,42313
36,"Sanders, Bernard",BernieSanders,I,VT,216776631,2167,76631
36,"LaHood, Darin",RepLaHood,R,IL,3686482216,36864,82216
36,"LaHood, Darin",DarinLaHoodIL,R,IL,3107996233,31079,96233
37,"Rogers, Harold",RepHalRogers,R,KY,550401754,55040,1754
37,"Rogers, Harold",HalRogersKY5,R,KY,1273612350197825536,12736123501978,25536
37,"Green, Mark",RepMarkGreen,R,TN,1080477288955826176,10804772889558,26176
37,"Green, Mark",DrMarkGreen4TN,R,TN,93412074,934,12074
37,"Collins, Mike",RepMikeCollins,R,GA,1601030771124408325,160103077112440,8325
37,"Collins, Mike",MikeCollinsGA,R,GA,1421384162,14213,84162
37,"Warner, Mark R.",MarkWarner,D,VA,7429102,74,29102
37,"Warner, Mark R.",MarkWarnerVA,D,VA,409719505,4097,19505
37,"Stansbury, Melanie ",Rep_Stansbury,D,NM,1404519992582942724,14045199925829,42724
37,"Stansbury, Melanie ",MelanieforNM,D,NM,961359779003121665,9613597790031,21665
37,"Rose, John W.",RepJohnRose,R,TN,1081312310059253763,10813123100592,53763
37,"Rose, John W.",JohnRoseforTN,R,TN,894940941039144962,8949409410391,44962
37,"Keating, William",USRepKeating,D,MA,232992031,2329,92031
37,"Keating, William",WilliamKeating,D,MA,95546148,955,46148
37,"Welch, Peter",PeterWelch,D,VT,1410590874,14105,90874
37,"Welch, Peter",WelchForVT,D,VT,499109830,49910,9830
37,"Lynch, Stephen F.",RepStephenLynch,D,MA,310310133,3103,10133
37,"Lynch, Stephen F.",RepLynch,D,MA,130901013,13090,1013
38,"Pingree, Chellie",chelliepingree,D,ME,14984637,149,84637
38,"Pingree, Chellie",PingreeForME,D,ME,1002275817227980800,10022758172279,80800
38,"Payne Jr., Donald",RepDonaldPayne,D,NJ,1155335864,11553,35864
38,"Payne Jr., Donald",DonaldPayneJr,D,NJ,571909015,57190,9015
38,"Turner, Mike",RepMikeTurner,R,OH,51228911,512,28911
38,"Turner, Mike",MikeTurnerOH,R,OH,380498919,3804,98919
38,"Finstad, Brad",RepFinstad,R,MN,1563316176717246464,15633161767172,46464
38,"Finstad, Brad",BradFinstad,R,MN,3221588438,32215,88438
38,"Burgess, Michael",michaelcburgess,R,TX,15751083,157,51083
38,"Burgess, Michael",DrBurgessTX,R,TX,1272912622942388229,12729126229423,88229
38,"Carter, Troy",RepTroyCarter,D,LA,1352760304271241218,13527603042712,41218
38,"Carter, Troy",troyc4Congress,D,LA,18582998,185,82998
38,"Thompson, Glenn",CongressmanGT,R,PA,18967498,189,67498
38,"Thompson, Glenn",GT_TeamGT,R,PA,304138251,3041,38251
38,"Weber, Randy",TXRandy14,R,TX,1058051748,10580,51748
38,"Weber, Randy",WeberforTexas,R,TX,373586796,3735,86796
38,"Britt, Katie Boyd",SenKatieBritt,R,AL,1597271188383866883,15972711883838,66883
38,"Britt, Katie Boyd",KatieBrittforAL,R,AL,1400915708259696640,14009157082596,96640
38,"Britt, Katie Boyd",KatieBoydBritt,R,AL,346559263,3465,59263
39,"Kaptur, Marcy",RepMarcyKaptur,D,OH,581141508,5811,41508
39,"Kaptur, Marcy",Marcy_Kaptur,D,OH,480872337,4808,72337
39,"Goldman, Daniel S.",RepDanGoldman,D,NY,1610019555371372544,16100195553713,72544
39,"Goldman, Daniel S.",danielsgoldman,D,NY,435232010,4352,32010
39,"Hyde-Smith, Cindy",SenHydeSmith,R,MS,983348251972816896,9833482519728,16896
39,"Hyde-Smith, Cindy",cindyhydesmith,R,MS,262192574,2621,92574
39,"Scholten, Hillary J.",RepScholten,D,MI,1609941568869335041,16099415688693,35041
39,"Scholten, Hillary J.",HillaryScholten,D,MI,1106949340197801986,110694934019780,1986
39,"Cornyn, John",JohnCornyn,R,TX,13218102,132,18102
39,"Cornyn, John",TeamCornyn,R,TX,1648117711,16481,17711
39,"Pressley, Ayanna",RepPressley,D,MA,1080584229510172678,10805842295101,72678
39,"Pressley, Ayanna",AyannaPressley,D,MA,31013444,310,13444
39,"Magaziner, Seth",Rep_Magaziner,D,RI,1615455207713808384,161545520771380,8384
39,"Magaziner, Seth",SethMagaziner,D,RI,1434052620,14340,52620
39,"Johnson, Dusty",RepDustyJohnson,R,SD,1074782372594413569,10747823725944,13569
39,"Johnson, Dusty",DustyJohnson,R,SD,140529899,1405,29899
39,"Good, Bob",RepBobGood,R,VA,1345536897838436353,13455368978384,36353
39,"Good, Bob",GoodForCongress,R,VA,1191470062340845568,11914700623408,45568
40,"Merkley, Jeff",SenJeffMerkley,D,OR,29201047,2920,1047
40,"Merkley, Jeff",JeffMerkley,D,OR,223166587,2231,66587
40,"Romney, Mitt",SenatorRomney,R,UT,1078693601356509184,107869360135650,9184
40,"Romney, Mitt",MittRomney,R,UT,50055701,500,55701
40,"Biden, Joseph",POTUS,D,DE,1349149096909668363,13491490969096,68363
40,"Biden, Joseph",JoeBiden,D,DE,939091,9,39091
40,"Calvert, Ken",KenCalvert,R,CA,22545491,225,45491
40,"Calvert, Ken",TeamCalvert,R,CA,138553197,1385,53197
40,"Norcross, Donald",DonaldNorcross,D,NJ,3122099613,31220,99613
40,"Norcross, Donald",DonNorcross4NJ,D,NJ,2340948996,23409,48996
40,"Timmons, William",RepTimmons,R,SC,1079770852302958592,10797708523029,58592
40,"Timmons, William",VoteTimmons,R,SC,958510641228275712,9585106412282,75712
40,"Cartwright, Matt",RepCartwright,D,PA,776664410,7766,64410
40,"Cartwright, Matt",CartwrightPA,D,PA,472315803,4723,15803
40,"Cline, Ben",RepBenCline,R,VA,1072158357237174272,10721583572371,74272
40,"Cline, Ben",Cline4Virginia,R,VA,40264497,402,64497
40,"Diaz-Balart, Mario",MarioDB,R,FL,37094727,370,94727
40,"Diaz-Balart, Mario",MarioDBCamp,R,FL,374816353,3748,16353
41,"Castor, Kathy",USRepKCastor,D,FL,1880674038,18806,74038
41,"Castor, Kathy",KathyCastorFL,D,FL,756123897783808000,75612389778380,8000
41,"Ciscomani, Juan",RepCiscomani,R,AZ,1603530970593775616,16035309705937,75616
41,"Ciscomani, Juan",JuanCiscomani,R,AZ,62874548,628,74548
41,"Duarte, John S.",RepDuarteCA13,R,CA,1613250027878490137,16132500278784,90137
41,"Duarte, John S.",Duarte4Congress,R,CA,1514403098034262016,15144030980342,62016
41,"Cohen, Steve",RepCohen,D,TN,162069635,1620,69635
41,"Cohen, Steve",ReElectCohen,D,TN,34884583,348,84583
41,"Fitzpatrick, Brian",RepBrianFitz,R,PA,816303263586914304,8163032635869,14304
41,"Fitzpatrick, Brian",BrianFitzUSA,R,PA,4905487413,49054,87413
41,"Crane, Elijah",EliCraneAZ,R,AZ,1415011405544177667,14150114055441,77667
41,"Crane, Elijah",EliCrane_CEO,R,AZ,1006602338935508992,100660233893550,8992
41,"Clark, Katherine",WhipKClark,D,MA,2293131060,22931,31060
41,"Clark, Katherine",TeamKClark,D,MA,23201727,2320,1727
41,"Latta, Robert E.",boblatta,R,OH,15394954,153,94954
41,"Latta, Robert E.",latta4congress,R,OH,93575832,935,75832
41,"Reschenthaler, Guy",GReschenthaler,R,PA,4205133682,42051,33682
41,"Reschenthaler, Guy",reschenthaler,R,PA,477223342,4772,23342
42,"Hill, French",RepFrenchHill,R,AR,2953974395,29539,74395
42,"Hill, French",ElectFrench,R,AR,1740229652,17402,29652
42,"Edwards, Chuck",RepEdwards,R,NC,1602748099792879616,16027480997928,79616
42,"Edwards, Chuck",ChuckEdwards4NC,R,NC,838404430793953280,8384044307939,53280
42,"Veasey, Marc",RepVeasey,R,TX,1074129612,10741,29612
42,"Veasey, Marc",MarcVeasey,R,TX,20688358,206,88358
42,"Issa, Darrell",repdarrellissa,R,CA,63650107,636,50107
42,"Issa, Darrell",DarrellIssa,R,CA,22509548,2250,9548
42,"Kim, Young",RepYoungKim,R,CA,1344677401465397249,13446774014653,97249
42,"Kim, Young",YoungKimCA,R,CA,2355919591,23559,19591
42,"Trahan, Lori",RepLoriTrahan,D,MA,1079802482640019456,10798024826400,19456
42,"Trahan, Lori",LoriTrahanMA,D,MA,915975047545749504,9159750475457,49504
42,"Ossoff, Jon",ossoff,D,GA,521747968,5217,47968
42,"Ossoff, Jon",SenOssoff,D,GA,1356714265894408196,135671426589440,8196
42,"Schiff, Adam",RepAdamSchiff,D,CA,29501253,2950,1253
42,"Schiff, Adam",AdamSchiff,D,CA,133028836,1330,28836
42,"Johnson, Ron",SenRonJohnson,R,WI,233737858,2337,37858
42,"Johnson, Ron",RonJohnsonWI,R,WI,142332083,1423,32083
43,"Schumer, Charles E.",SenSchumer,D,NY,17494010,174,94010
43,"Schumer, Charles E.",chuckschumer,D,NY,1872999342,18729,99342
43,"Luetkemeyer, Blaine",RepBlaine,R,MO,1849261916,18492,61916
43,"Luetkemeyer, Blaine",LuetkemeyerB,R,MO,2554870803,25548,70803
43,"Bice, Stephanie I.",RepBice,R,OK,1344260196227555334,13442601962275,55334
43,"Bice, Stephanie I.",stephaniebice,R,OK,32289500,322,89500
43,"Wagner, Ann",RepAnnWagner,R,MO,1051446626,10514,46626
43,"Wagner, Ann",AnnLWagner,R,MO,219010139,2190,10139
43,"Daines, Steve",SteveDaines,R,MT,11651202,116,51202
43,"Daines, Steve",DainesforMT,R,MT,214767677,2147,67677
43,"Kamlager-Dove, Sydney",RepKamlagerDove,D,CA,1613235716669988871,16132357166699,88871
43,"Kamlager-Dove, Sydney",sydneykamlager,D,CA,993539467817373696,9935394678173,73696
43,"Booker, Cory A.",CoryBooker,D,NJ,15808765,1580,8765
43,"Booker, Cory A.",SenBooker,D,NJ,2167097881,21670,97881
43,"Stefanik, Elise",RepStefanik,R,NY,2962813893,29628,13893
43,"Stefanik, Elise",EliseStefanik,R,NY,109579534,1095,79534
43,"Pettersen, Brittany",RepPettersen,D,CO,1610014478405406720,161001447840540,6720
43,"Pettersen, Brittany",pettersen4co,D,CO,483010877,4830,10877
44,"Omar, Ilhan",Ilhan,D,MN,1082334352711790593,10823343527117,90593
44,"Omar, Ilhan",IlhanMN,D,MN,783792992,7837,92992
44,"Obernolte, Jay",JayObernolte,R,CA,272482466,2724,82466
44,"Obernolte, Jay",TeamObernolte,R,CA,1291597452357771264,12915974523577,71264
44,"Sasse, Ben",SenSasse,R,NE,2962923040,29629,23040
44,"Fleischmann, Chuck",RepChuck,R,TN,235190657,2351,90657
44,"Fleischmann, Chuck",chuck4congress,R,TN,50036176,500,36176
44,"Clyde, Andrew S.",Rep_Clyde,R,GA,1357017361568694274,13570173615686,94274
44,"Moore, Barry",RepBarryMoore,R,AL,1339006078688825344,13390060786888,25344
44,"Burlison, Eric",RepEricBurlison,R,MO,1606342594765590528,16063425947655,90528
44,"Burlison, Eric",EricBurlison,R,MO,17993908,179,93908
44,"Carl, Jerry L.",RepJerryCarl,R,AL,1341091420439015424,13410914204390,15424
44,"Carl, Jerry L.",CarlForAlabama,R,AL,2237925464,22379,25464
44,"Swalwell, Eric",RepSwalwell,D,CA,942156122,9421,56122
44,"Swalwell, Eric",ericswalwell,D,CA,377609596,37760,9596
45,"Takano, Mark",RepMarkTakano,D,CA,1037321378,10373,21378
45,"Takano, Mark",MarkTakano,D,CA,316165422,3161,65422
45,"Luna, Anna Paulina",RepLuna,R,FL,1610230835289923584,16102308352899,23584
45,"Luna, Anna Paulina",VoteAPL,R,FL,1386669755654934531,13866697556549,34531
45,"Luna, Anna Paulina",realannapaulina,R,FL,913308968809672705,9133089688096,72705
45,"Bean, Aaron",RepAaronBean,R,FL,1604927550081359875,16049275500813,59875
45,"Bean, Aaron",AaronPBean,R,FL,24317646,243,17646
45,"LaLota, Nick",RepLaLota,R,NY,1588581125177442305,15885811251774,42305
45,"LaLota, Nick",nicklalota,R,NY,275989559,2759,89559
45,"Ocasio-Cortez, Alexandria",RepAOC,D,NY,1079104563280527364,10791045632805,27364
45,"Ocasio-Cortez, Alexandria",AOC,D,NY,138203134,13820,3134
45,"Rutherford, John",RepRutherfordFL,R,FL,828977216595849216,8289772165958,49216
45,"Rutherford, John",JRutherfordFL,R,FL,733672650120253440,7336726501202,53440
45,"Lieu, Ted",RepTedLieu,D,CA,3044993235,30449,93235
45,"Lieu, Ted",tedlieu,D,CA,21059255,210,59255
45,"Lofgren, Zoe",RepZoeLofgren,D,CA,267938462,2679,38462
45,"Lofgren, Zoe",ZoeLofgren,D,CA,988858472132415489,9888584721324,15489
45,"Fletcher, Lizzie",RepFletcher,D,TX,1075904377221722113,10759043772217,22113
45,"Fletcher, Lizzie",Lizzie4Congress,D,TX,857009033882083329,8570090338820,83329
46,"Ogles, Andrew",RepOgles,R,TN,1603110823014141952,16031108230141,41952
46,"Ogles, Andrew",AndyOgles,R,TN,48375550,483,75550
46,"Ogles, Andrew",OglesRep,R,TN,1612855392471584774,16128553924715,84774
46,"Frankel, Lois",RepLoisFrankel,D,FL,1077121945,10771,21945
46,"Frankel, Lois",LoisFrankel,D,FL,349296252,3492,96252
46,"Ruiz, Raul",RepRaulRuizMD,D,CA,1089859058,10898,59058
46,"Ruiz, Raul",Dr_RaulRuiz,D,CA,409522947,4095,22947
46,"Connolly, Gerald E. ""Gerry""",GerryConnolly,D,VA,78445977,784,45977
46,"Connolly, Gerald E. ""Gerry""",ElectConnolly,D,VA,125706625,12570,6625
46,"Garbarino, Andrew R.",RepGarbarino,R,NY,1344349650447433729,13443496504474,33729
46,"Garbarino, Andrew R.",GarbarinoforNY,R,NY,1222594021547290624,12225940215472,90624
46,"Lee, Laurel M.",RepLaurelLee,R,FL,1608230657796227072,16082306577962,27072
46,"Lee, Laurel M.",Vote_Laurel,R,FL,1539230869008830464,15392308690088,30464
46,"Mooney, Alex",RepAlexMooney,R,WV,2964526557,29645,26557
46,"Mooney, Alex",alexmooney,R,WV,17325909,173,25909
46,"Upton, Fred",RepFredUpton,R,MI,124224165,1242,24165
46,"McCollum, Betty",BettyMcCollum04,D,MN,516880804,5168,80804
46,"McCollum, Betty",VoteBetty,D,MN,164414525,1644,14525
47,"Allred, Colin",RepColinAllred,D,TX,1078355119920562176,10783551199205,62176
47,"Allred, Colin",ColinAllredTX,D,TX,346964561,3469,64561
47,"Padilla, Alex",SenAlexPadilla,D,CA,1351236267707654145,13512362677076,54145
47,"Jordan, Jim",Jim_Jordan,R,OH,18166778,181,66778
47,"Simpson, Mike",CongMikeSimpson,R,ID,76132891,761,32891
47,"Simpson, Mike",MikeSimpson4ID,R,ID,314223728,3142,23728
47,"Rubio, Marco",marcorubio,R,FL,15745368,157,45368
47,"Rubio, Marco",TeamMarco,R,FL,3001665106,30016,65106
47,"Rubio, Marco",SenMarcoRubio,R,FL,229966028,2299,66028
47,"Harder, Josh",RepJoshHarder,D,CA,1080851152151953410,10808511521519,53410
47,"Harder, Josh",JoshHarder,D,CA,438665212,4386,65212
47,"Loudermilk, Barry",RepLoudermilk,R,GA,2914163523,29141,63523
47,"Loudermilk, Barry",standwithbarry,R,GA,586191770,5861,91770
47,"Sherman, Brad",BradSherman,D,CA,30216513,302,16513
47,"Sherman, Brad",BradSherman4SFV,D,CA,494291143,4942,91143
47,"Stanton, Greg",RepGregStanton,D,AZ,1080885078425784320,10808850784257,84320
47,"Stanton, Greg",gregstantonaz,D,AZ,218292287,2182,92287
48,"Langworthy, Nicholas A.",RepLangworthy,R,NY,1611396007111057408,16113960071110,57408
48,"Langworthy, Nicholas A.",NickLangworthy,R,NY,18785472,187,85472
48,"Pelosi, Nancy",SpeakerPelosi,D,CA,15764644,157,64644
48,"Pelosi, Nancy",TeamPelosi,D,CA,2461810448,24618,10448
48,"Wilson, Joe",RepJoeWilson,R,SC,254082173,2540,82173
48,"Wilson, Joe",TeamJoeWilson,R,SC,15116570,151,16570
48,"Johnson, Henry C. ""Hank"" Jr.",RepHankJohnson,D,GA,24745957,247,45957
48,"Johnson, Henry C. ""Hank"" Jr.",ReElectHank,D,GA,97583689,975,83689
48,"Emmer, Tom",GOPMajorityWhip,R,MN,2914515430,29145,15430
48,"Emmer, Tom",tomemmer,R,MN,72431423,724,31423
48,"Strickland, Marilyn",RepStricklandWA,D,WA,1343646545955213312,13436465459552,13312
48,"Strickland, Marilyn",StricklandforWA,D,WA,1206654366758785024,12066543667587,85024
48,"Strickland, Marilyn",Mstrickland747,D,WA,738738874571100164,738738874571100,164
48,"Wild, Susan",RepSusanWild,D,PA,1069636653353000962,1069636653353000,962
48,"Wild, Susan",wildforcongress,D,PA,533324996,5333,24996
48,"Sykes, Emilia Strong",RepEmiliaSykes,D,OH,1611527835742519297,16115278357425,19297
48,"Sykes, Emilia Strong",EmiliaSykesOH,D,OH,1871673438,18716,73438
48,"Green, Al",RepAlGreen,D,TX,156333623,1563,33623
48,"Green, Al",RepAlGreenTX,D,TX,327625079,3276,25079
49,"Larsen, Rick",RepRickLarsen,D,WA,404132211,4041,32211
49,"Larsen, Rick",larsenrick,D,WA,158520264,1585,20264
49,"Cassidy, Bill",SenBillCassidy,R,LA,1017500185356853248,10175001853568,53248
49,"Cassidy, Bill",BillCassidy,R,LA,55677432,556,77432
49,"Flood, Mike",USRepMikeFlood,R,NE,1547025742529167360,15470257425291,67360
49,"Flood, Mike",Flood4Nebraska,R,NE,1487156409028558849,14871564090285,58849
49,"Gosar, Paul A.",RepGosar,R,AZ,240760644,2407,60644
49,"Gosar, Paul A.",DrPaulGosar,R,AZ,872148729184362497,8721487291843,62497
49,"Boozman, John",JohnBoozman,R,AR,5558312,55,58312
49,"Boozman, John",Boozman4AR,R,AR,111671288,1116,71288
49,"Menendez, Robert",RepMenendez,D,NJ,1603468242852397057,16034682428523,97057
49,"Menendez, Robert",RobMenendez4NJ,D,NJ,1491892268466413568,14918922684664,13568
49,"Nadler, Jerrold",RepJerryNadler,D,NY,40302336,4030,2336
49,"Nadler, Jerrold",JerryNadler,D,NY,408816873,4088,16873
49,"DeLauro, Rosa L.",rosadelauro,D,CT,140519774,1405,19774
49,"DeLauro, Rosa L.",Rosa_DeLauro,D,CT,893496121,8934,96121
49,"Cotton, Tom",SenTomCotton,R,AR,968650362,9686,50362
49,"Cotton, Tom",TomCottonAR,R,AR,343041182,3430,41182
50,"Hoyer, Steny H.",RepStenyHoyer,D,MD,22012091,220,12091
50,"Hoyer, Steny H.",StenyHoyer,D,MD,266719387,2667,19387
50,"Palmer, Gary",USRepGaryPalmer,R,AL,2861616083,28616,16083
50,"Palmer, Gary",Palmer4Alabama,R,AL,2296943622,22969,43622
50,"Kilmer, Derek",RepDerekKilmer,D,WA,1058917562,10589,17562
50,"Kilmer, Derek",DerekKilmer,D,WA,120518554,1205,18554
50,"Sablan, Gregorio",Kilili_Sablan,D,MP,926446070812602371,92644607081260,2371
50,"Wilson, Frederica",RepWilson,D,FL,234014087,2340,14087
50,"Fischbach, Michelle",RepFischbach,R,MN,1344375287484723205,13443752874847,23205
50,"Fischbach, Michelle",FischbachMN7,R,MN,1159929043816460288,11599290438164,60288
50,"Fischbach, Michelle",michellefischb,R,MN,1905462938,19054,62938
50,"Porter, Katie",RepKatiePorter,D,CA,1081222837459996672,10812228374599,96672
50,"Porter, Katie",katieporteroc,D,CA,617266600,6172,66600
50,"Cammack, Kat",RepKatCammack,R,FL,1344325638983987201,13443256389839,87201
50,"Cammack, Kat",Kat_Cammack,R,FL,1214912699311837184,12149126993118,37184
50,"Cammack, Kat",KatCammack,R,FL,155253505,1552,53505
50,"Fulcher, Russ",RepRussFulcher,R,ID,1078741899572240384,10787418995722,40384
50,"Fulcher, Russ",RussFulcher,R,ID,172944579,1729,44579
51,"King, Angus S. Jr.",SenAngusKing,I,ME,1068481578,10684,81578
51,"Pfluger, August",RepPfluger,R,TX,1341120751399809026,134112075139980,9026
51,"Pfluger, August",AugustPfluger,R,TX,1021216905795899392,10212169057958,99392
51,"Matsui, Doris O.",DorisMatsui,D,CA,38254095,382,54095
51,"Matsui, Doris O.",Matsui4Congress,D,CA,169331127,1693,31127
51,"Casar, Greg",RepCasar,D,TX,1499512178013057032,14995121780130,57032
51,"Casar, Greg",GregCasar,D,TX,1683515731,16835,15731
51,"Feinstein, Dianne",SenFeinstein,D,CA,476256944,4762,56944
51,"Moylan, James C.",RepJamesMoylan,R,GU,1615622229001400320,1615622229001400,320
51,"Moylan, James C.",JMoylanforGuam,R,GU,1603050607367028736,16030506073670,28736
51,"Meng, Grace",RepGraceMeng,D,NY,1051127714,10511,27714
51,"Meng, Grace",Grace4NY,D,NY,571214272,5712,14272
51,"Sullivan, Dan",SenDanSullivan,R,AK,2891210047,28912,10047
51,"Sullivan, Dan",DanSullivan_AK,R,AK,1869975300,18699,75300
51,"Levin, Mike",RepMikeLevin,D,CA,1072134139560620033,10721341395606,20033
51,"Levin, Mike",MikeLevin,D,CA,14573926,145,73926
52,"Chu, Judy",RepJudyChu,D,CA,193732179,1937,32179
52,"Chu, Judy",JudyChuCampaign,D,CA,793208286,79320,8286
52,"Carbajal, Salud",RepCarbajal,D,CA,816157667882373120,8161576678823,73120
52,"Carbajal, Salud",carbajalsalud,D,CA,3237898542,32378,98542
52,"Thompson, Bennie G.",BennieGThompson,D,MS,82453460,824,53460
52,"Thompson, Bennie G.",BGThompsonMS,D,MS,1298346252673994752,12983462526739,94752
52,"Grothman, Glenn",RepGrothman,R,WI,2976606250,297660,6250
52,"Grothman, Glenn",GrothmanforWI,R,WI,2432952828,24329,52828
52,"Scalise, Steve",SteveScalise,R,LA,1209417007,12094,17007
52,"Scalise, Steve",SteveScaliseGOP,R,LA,2746741969,27467,41969
52,"Brown, Shontel",RepShontelBrown,D,OH,1456381091598700556,1456381091598700,556
52,"Brown, Shontel",ShontelMBrown,D,OH,20609133,2060,9133
52,"Murray, Patty",PattyMurray,D,WA,293131808,2931,31808
52,"Murray, Patty",MurrayCampaign,D,WA,158470209,1584,70209
52,"Carey, Mike",RepMikeCarey,R,OH,1457745193197780993,14577451931977,80993
52,"Carey, Mike",MikeCareyOH15,R,OH,1393186215466254336,13931862154662,54336
52,"Klobuchar, Amy",SenAmyKlobuchar,D,MN,22044727,220,44727
53,"Aderholt, Robert",Robert_Aderholt,R,AL,76452765,764,52765
53,"Lesko, Debbie",RepDLesko,R,AZ,996094929733652481,9960949297336,52481
53,"Lesko, Debbie",DebbieLesko,R,AZ,34715823,347,15823
53,"Barragán, Nanette",RepBarragan,D,CA,816833925456789505,8168339254567,89505
53,"Barragán, Nanette",Nanette4CA,D,CA,303633791,3036,33791
53,"Peters, Gary C.",SenGaryPeters,D,MI,236511574,2365,11574
53,"Peters, Gary C.",GaryPeters,D,MI,145292853,1452,92853
53,"Thune, John",SenJohnThune,R,SD,296361085,2963,61085
53,"Thune, John",johnthune,R,SD,26533227,265,33227
53,"Mullin, Markwayne",SenMullin,R,OK,1060370282,10603,70282
53,"Mullin, Markwayne",MarkwayneMullin,R,OK,366304362,36630,4362
53,"Brownley, Julia",RepBrownley,D,CA,1243902714,124390,2714
53,"Brownley, Julia",JuliaBrownley,D,CA,44251742,442,51742
53,"Paul, Rand",RandPaul,R,KY,216881337,2168,81337
53,"Paul, Rand",SenRandPaul,R,KY,1298624375692894210,12986243756928,94210
53,"Paul, Rand",DrRandPaul,R,KY,39834947,398,34947
53,"Rouzer, David",RepDavidRouzer,R,NC,834069080,8340,69080
53,"Rouzer, David",DavidRouzer,R,NC,127941167,1279,41167
54,"Graves, Garret",RepGarretGraves,R,LA,2951574214,29515,74214
54,"Graves, Garret",garretgraves,R,LA,587100576,587100,576
54,"Leger Fernandez, Teresa",RepTeresaLF,D,NM,1345147845926670337,13451478459266,70337
54,"Leger Fernandez, Teresa",TeresaForNM,D,NM,1128147829606600706,1128147829606600,706
54,"Gaetz, Matt",RepMattGaetz,R,FL,818948638890217473,8189486388902,17473
54,"Gaetz, Matt",mattgaetz,R,FL,58579942,585,79942
54,"Nunn, Zachary",NunnForCongress,R,IA,1412368005728722947,14123680057287,22947
54,"Wicker, Roger F.",SenatorWicker,R,MS,264219447,2642,19447
54,"Wicker, Roger F.",RogerWicker,R,MS,11650762,116,50762
54,"Grijalva, Raul",RepRaulGrijalva,D,AZ,28602948,2860,2948
54,"Grijalva, Raul",standwithraul,D,AZ,135623073,1356,23073
54,"Banks, Jim",RepJimBanks,R,IN,816131319033950208,8161313190339,50208
54,"Banks, Jim",TeamJimBanks,R,IN,997253315237822468,9972533152378,22468
54,"Banks, Jim",Jim_Banks,R,IN,14836282,148,36282
54,"Schmitt, Eric",SenEricSchmitt,R,MO,1603540143872385026,16035401438723,85026
54,"Schmitt, Eric",Schmitt4Senate,R,MO,1374687650226053122,13746876502260,53122
54,"Schmitt, Eric",Eric_Schmitt,R,MO,101852818,1018,52818
54,"Womack, Steve",rep_stevewomack,R,AR,234469322,2344,69322
54,"Womack, Steve",womack4congress,R,AR,112651673,1126,51673
55,"Gomez, Jimmy",RepJimmyGomez,D,CA,2371339658,23713,39658
55,"Gomez, Jimmy",JimmyGomezCA,D,CA,398193180,3981,93180
55,"Bera, Ami",RepBera,D,CA,950783972,9507,83972
55,"Bera, Ami",BeraForCongress,D,CA,43986986,439,86986
55,"Hern, Kevin",repkevinhern,R,OK,1067818539179024386,10678185391790,24386
55,"Hern, Kevin",krhern,R,OK,19168067,191,68067
55,"Hassan, Margaret Wood",SenatorHassan,D,NH,946549322,9465,49322
55,"Hassan, Margaret Wood",Maggie_Hassan,D,NH,361569788,3615,69788
55,"Joyce, David",RepDaveJoyce,R,OH,976969338,9769,69338
55,"Joyce, David",DaveJoyceOH14,R,OH,727242919,7272,42919
55,"Tuberville, Tommy",SenTuberville,R,AL,1345739193721487362,13457391937214,87362
55,"Tuberville, Tommy",TTuberville,R,AL,110798061,1107,98061
55,"Budd, Ted",SenTedBuddNC,R,NC,817138492614524928,8171384926145,24928
55,"Budd, Ted",TedBuddNC,R,NC,720353279176081408,7203532791760,81408
55,"Hoeven, John",SenJohnHoeven,R,ND,382791093,3827,91093
55,"Hoeven, John",hoeven4senate,R,ND,106733567,1067,33567
55,"Smucker, Lloyd",RepSmucker,R,PA,41417564,414,17564
55,"Smucker, Lloyd",LloydSmuckerPA,R,PA,4212470319,42124,70319
56,"Hunt, Wesley",RepWPH,R,TX,1602751001756311556,16027510017563,11556
56,"Hunt, Wesley",WesleyHuntTX,R,TX,1112744620247662592,11127446202476,62592
56,"Crapo, Mike",MikeCrapo,R,ID,600463589,6004,63589
56,"Crapo, Mike",crapoforsenate,R,ID,413160266,4131,60266
56,"Miller-Meeks, Mariannette",RepMMM,R,IA,1345807954604412929,13458079546044,12929
56,"Miller-Meeks, Mariannette",millermeeks,R,IA,18131106,181,31106
56,"Wittman, Robert J.",RobWittman,R,VA,15356407,153,56407
56,"Wittman, Robert J.",ReElectWittman,R,VA,46184745,461,84745
56,"Higgins, Brian",RepBrianHiggins,D,NY,33576489,335,76489
56,"Rosen, Jacky",SenJackyRosen,D,NV,818554054309715969,8185540543097,15969
56,"Santos, George",RepSantosNY03,R,NY,1615397155027525633,16153971550275,25633
56,"Santos, George",Santos4Congress,R,NY,1174153996363345921,11741539963633,45921
56,"McGovern, James",RepMcGovern,D,MA,242426145,2424,26145
56,"McGovern, James",McGovernMA,D,MA,128664931,1286,64931
56,"Stevens, Haley",RepHaleyStevens,D,MI,1076161611033968640,10761616110339,68640
56,"Stevens, Haley",HaleyLive,D,MI,391445643,3914,45643
57,"Lummis, Cynthia M.",SenLummis,R,WY,22831059,228,31059
57,"Lummis, Cynthia M.",CynthiaMLummis,R,WY,1136711154435207168,113671115443520,7168
57,"Casten, Sean",RepCasten,D,IL,1083472286089396224,10834722860893,96224
57,"Casten, Sean",SeanCasten,D,IL,66804351,6680,4351
57,"Menendez, Bob",SenatorMenendez,D,NJ,18695134,186,95134
57,"Menendez, Bob",BobMenendezNJ,D,NJ,407039290,4070,39290
57,"Hawley, Josh",HawleyMO,R,MO,2352629311,23526,29311
57,"Hawley, Josh",SenHawleyPress,R,MO,1080960924687704064,108096092468770,4064
57,"Stabenow, Debbie",SenStabenow,D,MI,76456274,764,56274
57,"Houchin, Erin",RepHouchin,R,IN,1603694348725526528,16036943487255,26528
57,"Houchin, Erin",Erin_Houchin,R,IN,2327983291,23279,83291
57,"Bentz, Cliff",RepBentz,R,OR,1345788865911656454,13457888659116,56454
57,"Bentz, Cliff",CliffBentz,R,OR,1216104257989963776,12161042579899,63776
57,"Cruz, Ted",SenTedCruz,R,TX,1074480192,10744,80192
57,"Cruz, Ted",tedcruz,R,TX,23022687,230,22687
57,"Ferguson, A. Drew",RepDrewFerguson,R,GA,806583915012046854,8065839150120,46854
57,"Ferguson, A. Drew",DrewFergusonGA,R,GA,694984534249594882,6949845342495,94882
58,"Pocan, Mark",RepMarkPocan,D,WI,1206227149,12062,27149
58,"Pocan, Mark",MarkPocan,D,WI,309070309,3090,70309
58,"Sorensen, Eric",RepEricSorensen,D,IL,1611441794704674828,16114417947046,74828
58,"Sorensen, Eric",ericsorenson,D,IL,27898864,278,98864
58,"Armstrong, Kelly",RepArmstrongND,R,ND,1080515866255593472,10805158662555,93472
58,"Armstrong, Kelly",Armstrong_ND,R,ND,964996994623311874,9649969946233,11874
58,"Armstrong, Kelly",armstrong_km,R,ND,1426714956,14267,14956
58,"Cramer, Kevin",SenKevinCramer,R,ND,1048784496,10487,84496
58,"Guthrie, S. Brett",RepGuthrie,R,KY,1908143071,19081,43071
58,"Guthrie, S. Brett",brettguthrie,R,KY,114607567,11460,7567
58,"Lawler, Michael",RepMikeLawler,R,NY,1590372047015886853,15903720470158,86853
58,"Lawler, Michael",lawler4ny,R,NY,260026173,2600,26173
58,"LaTurner, Jake",RepLaTurner,R,KS,1345850704800468993,13458507048004,68993
58,"LaTurner, Jake",JakeLaTurner,R,KS,1082329240681492481,10823292406814,92481
58,"Cuellar, Henry",RepCuellar,D,TX,210926192,2109,26192
58,"Cuellar, Henry",CuellarCampaign,D,TX,1239664741,12396,64741
58,"Newhouse, Dan",RepNewhouse,R,WA,2930635215,29306,35215
58,"Newhouse, Dan",Newhouse4Rep,R,WA,2375967966,23759,67966
59,"Hinson, Ashley",RepAshleyHinson,R,IA,1340783304304410625,13407833043044,10625
59,"Hinson, Ashley",hinsonashley,R,IA,18189966,181,89966
59,"Carter, Buddy",RepBuddyCarter,R,GA,2973870195,29738,70195
59,"Carter, Buddy",Buddy_Carter,R,GA,295712099,2957,12099
59,"Carper, Thomas R.",SenatorCarper,D,DE,249787913,2497,87913
59,"Meeks, Gregory W.",RepGregoryMeeks,D,NY,22812754,228,12754
59,"Meeks, Gregory W.",GregMeeksNYC,D,NY,1092782048157331456,10927820481573,31456
59,"Ezell, Mike",RepEzell,R,MS,1602788004749344768,16027880047493,44768
59,"Ezell, Mike",MikeEzellMS,R,MS,1377293395333246981,13772933953332,46981
59,"Ezell, Mike",MikeEzell11,R,MS,1164628011481800704,1164628011481800,704
59,"Hoyle, Val T.",RepValHoyle,D,OR,1612865196489412608,16128651964894,12608
59,"Hoyle, Val T.",ValHoyle,D,OR,118612783,1186,12783
59,"Arrington, Jodey",RepArrington,R,TX,816284664658874368,8162846646588,74368
59,"Arrington, Jodey",JodeyArrington,R,TX,3609064098,36090,64098
59,"Ross, Deborah K.",RepDeborahRoss,D,NC,1348683154815655940,13486831548156,55940
59,"Ross, Deborah K.",DeborahRossNC,D,NC,3806081652,38060,81652
59,"Sherrill, Mikie",RepSherrill,D,NJ,1080569698536878081,10805696985368,78081
59,"Sherrill, Mikie",MikieSherrill,D,NJ,1577754348,15777,54348
60,"Van Duyne, Beth",RepBethVanDuyne,R,TX,1339633259349745670,13396332593497,45670
60,"Van Duyne, Beth",Bethvanduyne,R,TX,489856457,4898,56457
60,"Steel, Michelle",RepSteel,R,CA,1343740146630451200,13437401466304,51200
60,"Steel, Michelle",MichelleSteelCA,R,CA,1122934522134315009,11229345221343,15009
60,"Beatty, Joyce",RepBeatty,D,OH,1531521632,15315,21632
60,"Beatty, Joyce",JoyceBeatty,D,OH,582070020,5820,70020
60,"Estes, Ron",RepRonEstes,R,KS,854715071116849157,8547150711168,49157
60,"Estes, Ron",RonEstesKS,R,KS,722555010588872705,7225550105888,72705
60,"Strong, Dale W.",RepDaleStrong,R,AL,825191196775546883,8251911967755,46883
60,"Tlaib, Rashida",RepRashida,D,MI,1079769536730140672,10797695367301,40672
60,"Tlaib, Rashida",RashidaTlaib,D,MI,435331179,4353,31179
60,"Coons, Christopher A.",ChrisCoons,D,DE,15324851,153,24851
60,"Coons, Christopher A.",ChrisCoonsforDE,D,DE,823302838524739584,8233028385247,39584
60,"McHenry, Patrick T.",PatrickMcHenry,R,NC,27676828,276,76828
60,"McHenry, Patrick T.",McHenryCampaign,R,NC,481437062,4814,37062
60,"Thanedar, Shri",RepShriThanedar,D,MI,1610719275265802253,161071927526580,2253
60,"Thanedar, Shri",ShriThanedar,D,MI,2965326656,29653,26656
61,"Young, Todd",SenToddYoung,R,IN,234128524,2341,28524
61,"Young, Todd",ToddYoungIN,R,IN,59969802,599,69802
61,"Kelly, Mark",SenMarkKelly,D,AZ,1324926274888888320,13249262748888,88320
61,"Kelly, Mark",CaptMarkKelly,D,AZ,65707359,6570,7359
61,"McGarvey, Morgan",RepMcGarvey,D,KY,1610300298303787008,16103002983037,87008
61,"McGarvey, Morgan",MorganMcGarvey,D,KY,389242668,3892,42668
61,"Fallon, Pat",RepPatFallon,R,TX,1343258042704527362,13432580427045,27362
61,"Fallon, Pat",FallonForTexas,R,TX,256157258,2561,57258
61,"Huffman, Jared",RepHuffman,D,CA,1071102246,107110,2246
61,"Huffman, Jared",JaredHuffman,D,CA,334894942,3348,94942
